;Feature;Importance
0;latitude;0.1666626034331078
1;longitude;0.18210137526949008
2;minimo_noites;0.07646860774444976
3;numero_de_reviews;0.04774388195951258
4;reviews_por_mes;0.0444173381980219
5;disponibilidade_365;0.1309858449011757
6;bairro_group_Brooklyn;0.0004832238331672324
7;bairro_group_Manhattan;0.0023770607387639925
8;bairro_group_Queens;0.00045702001573911984
9;bairro_group_Staten Island;2.3477373342254212e-05
10;bairro_Arden Heights;0.0
11;bairro_Arrochar;8.039111899813162e-06
12;bairro_Arverne;0.00024018506063435777
13;bairro_Astoria;0.0010224782329550466
14;bairro_Bath Beach;3.0084823209262396e-08
15;bairro_Battery Park City;0.015296616785722859
16;bairro_Bay Ridge;0.0003060092761429843
17;bairro_Bay Terrace;0.0
18;bairro_Baychester;0.0
19;bairro_Bayside;0.0005511457609806772
20;bairro_Bayswater;0.0
21;bairro_Bedford-Stuyvesant;0.0012409128065307875
22;bairro_Belle Harbor;0.0
23;bairro_Bellerose;0.0
24;bairro_Belmont;2.2796389065677925e-07
25;bairro_Bensonhurst;1.5462054093789873e-06
26;bairro_Bergen Beach;0.0
27;bairro_Boerum Hill;4.7478126243568335e-05
28;bairro_Borough Park;1.645903924307787e-05
29;bairro_Breezy Point;0.0
30;bairro_Briarwood;2.4437701637210253e-05
31;bairro_Brighton Beach;3.0879850372299654e-06
32;bairro_Bronxdale;0.0
33;bairro_Brooklyn Heights;0.00042349230061402497
34;bairro_Brownsville;2.175175313064296e-07
35;bairro_Bull's Head;0.0
36;bairro_Bushwick;0.00015317033147310265
37;bairro_Cambria Heights;1.4125664759238752e-07
38;bairro_Canarsie;3.0299756654753914e-05
39;bairro_Carroll Gardens;3.3982123601406556e-05
40;bairro_Castle Hill;2.175000452254086e-06
41;bairro_Castleton Corners;0.0
42;bairro_Chelsea;0.005580139058803708
43;bairro_Chinatown;5.5832162139604345e-05
44;bairro_City Island;9.360499130881107e-06
45;bairro_Civic Center;7.252344193981205e-05
46;bairro_Claremont Village;0.0
47;bairro_Clason Point;0.0
48;bairro_Clifton;4.754140051990723e-06
49;bairro_Clinton Hill;0.02591102303644965
50;bairro_Co-op City;0.0
51;bairro_Cobble Hill;0.0004078087965825004
52;bairro_College Point;0.0
53;bairro_Columbia St;1.2253398275529282e-06
54;bairro_Concord;8.136448183450887e-07
55;bairro_Concourse;4.278358298435226e-07
56;bairro_Concourse Village;1.6556116581446624e-08
57;bairro_Coney Island;3.3810171887306124e-07
58;bairro_Corona;2.480070096612083e-07
59;bairro_Crown Heights;0.0006303402868975682
60;bairro_Cypress Hills;4.479779063706869e-06
61;bairro_DUMBO;1.8664062120300534e-05
62;bairro_Ditmars Steinway;2.8781918846960792e-05
63;bairro_Dongan Hills;0.0
64;bairro_Douglaston;0.0
65;bairro_Downtown Brooklyn;2.060674301176413e-06
66;bairro_Dyker Heights;3.147726607639474e-07
67;bairro_East Elmhurst;0.00010887462073871419
68;bairro_East Flatbush;4.155630701788098e-05
69;bairro_East Harlem;0.0003514353332543819
70;bairro_East Morrisania;9.056365390524429e-07
71;bairro_East New York;4.2245440700271536e-05
72;bairro_East Village;0.0019783052080676283
73;bairro_Eastchester;0.0
74;bairro_Edenwald;6.921574429221975e-08
75;bairro_Edgemere;0.0
76;bairro_Elmhurst;7.141368031105463e-05
77;bairro_Eltingville;0.0
78;bairro_Emerson Hill;0.0
79;bairro_Far Rockaway;0.00012884450918393785
80;bairro_Fieldston;0.0
81;bairro_Financial District;0.0007287668594032534
82;bairro_Flatbush;0.00012572053002541926
83;bairro_Flatiron District;0.0008121241620578809
84;bairro_Flatlands;0.0005128780421157274
85;bairro_Flushing;0.0005122490539546805
86;bairro_Fordham;1.3559911815990108e-06
87;bairro_Forest Hills;0.0001466151939310899
88;bairro_Fort Greene;6.652534855988777e-05
89;bairro_Fort Hamilton;5.243450855454638e-07
90;bairro_Fort Wadsworth;0.0
91;bairro_Fresh Meadows;5.117542414414308e-07
92;bairro_Glendale;5.076289615442858e-06
93;bairro_Gowanus;0.00014094727944299114
94;bairro_Gramercy;0.001496260420448039
95;bairro_Graniteville;0.0
96;bairro_Grant City;0.0
97;bairro_Gravesend;1.6365876547929662e-06
98;bairro_Great Kills;3.6562298112361385e-06
99;bairro_Greenpoint;0.00028016401828157814
100;bairro_Greenwich Village;0.0022295617740153814
101;bairro_Grymes Hill;2.534610807357974e-06
102;bairro_Harlem;0.000867509339575099
103;bairro_Hell's Kitchen;0.00215908801323278
104;bairro_Highbridge;3.896949129672991e-07
105;bairro_Hollis;0.0
106;bairro_Holliswood;0.0
107;bairro_Howard Beach;0.0
108;bairro_Howland Hook;0.0
109;bairro_Huguenot;0.0
110;bairro_Hunts Point;2.034749464846133e-08
111;bairro_Inwood;2.825136775036021e-06
112;bairro_Jackson Heights;9.063953629562452e-06
113;bairro_Jamaica;7.712098777730234e-05
114;bairro_Jamaica Estates;1.9473961005272716e-05
115;bairro_Jamaica Hills;0.0
116;bairro_Kensington;4.0813449268159097e-05
117;bairro_Kew Gardens;1.0112922147289937e-06
118;bairro_Kew Gardens Hills;0.0
119;bairro_Kingsbridge;6.165852229045388e-07
120;bairro_Kips Bay;0.00029946533823972096
121;bairro_Laurelton;0.0
122;bairro_Lighthouse Hill;0.0
123;bairro_Little Italy;2.365185580117887e-05
124;bairro_Little Neck;0.0
125;bairro_Long Island City;0.0008350662680337419
126;bairro_Longwood;4.4992237414504225e-08
127;bairro_Lower East Side;0.032941266671932
128;bairro_Manhattan Beach;0.0
129;bairro_Marble Hill;4.3678382142041005e-07
130;bairro_Mariners Harbor;0.0
131;bairro_Maspeth;1.84354282970524e-06
132;bairro_Melrose;0.0
133;bairro_Middle Village;0.0
134;bairro_Midland Beach;0.0
135;bairro_Midtown;0.00921681260827392
136;bairro_Midwood;2.0077039235009817e-06
137;bairro_Mill Basin;0.0
138;bairro_Morningside Heights;3.9626480293255474e-05
139;bairro_Morris Heights;2.8013609817167036e-06
140;bairro_Morris Park;1.1174381295655528e-07
141;bairro_Morrisania;0.0
142;bairro_Mott Haven;1.5975196004303227e-05
143;bairro_Mount Eden;0.0
144;bairro_Mount Hope;0.0
145;bairro_Murray Hill;0.0013110254046610785
146;bairro_Navy Yard;2.4119317315905943e-06
147;bairro_Neponsit;0.0
148;bairro_New Brighton;2.428475607278908e-07
149;bairro_New Dorp Beach;0.0
150;bairro_New Springville;6.842287826035788e-09
151;bairro_NoHo;0.0008430547275130055
152;bairro_Nolita;0.004266781354965311
153;bairro_North Riverdale;0.0
154;bairro_Norwood;3.459554570448999e-06
155;bairro_Oakwood;0.0
156;bairro_Olinville;0.0
157;bairro_Ozone Park;1.0935197420843973e-06
158;bairro_Park Slope;0.00011095451866232214
159;bairro_Parkchester;7.925953414013112e-07
160;bairro_Pelham Bay;0.0
161;bairro_Pelham Gardens;5.292046421676127e-06
162;bairro_Port Morris;1.5835439095915714e-07
163;bairro_Port Richmond;4.9804466448052006e-09
164;bairro_Prince's Bay;0.0
165;bairro_Prospect Heights;0.004115435718205887
166;bairro_Prospect-Lefferts Gardens;0.0005775823310789339
167;bairro_Queens Village;1.8702456093486422e-06
168;bairro_Randall Manor;2.492059400237885e-08
169;bairro_Red Hook;1.6685099966675356e-05
170;bairro_Rego Park;1.7012589334465505e-05
171;bairro_Richmond Hill;1.825729893952233e-05
172;bairro_Richmondtown;0.0
173;bairro_Ridgewood;1.6329098097345143e-05
174;bairro_Riverdale;0.00111606126936739
175;bairro_Rockaway Beach;1.5771514238049165e-05
176;bairro_Roosevelt Island;0.0003147493556135852
177;bairro_Rosebank;0.0
178;bairro_Rosedale;7.023501170476641e-08
179;bairro_Rossville;0.0
180;bairro_Schuylerville;1.4325152229311243e-06
181;bairro_Sea Gate;0.0
182;bairro_Sheepshead Bay;6.350944812705356e-05
183;bairro_Shore Acres;0.0
184;bairro_Silver Lake;0.0
185;bairro_SoHo;0.00380485527712894
186;bairro_Soundview;0.0
187;bairro_South Beach;0.0
188;bairro_South Ozone Park;8.045331154700507e-06
189;bairro_South Slope;1.5671585366248467e-05
190;bairro_Springfield Gardens;6.279529303472371e-06
191;bairro_Spuyten Duyvil;0.0
192;bairro_St. Albans;2.818074126643393e-05
193;bairro_St. George;4.350879737654988e-06
194;bairro_Stapleton;4.430700248074347e-06
195;bairro_Stuyvesant Town;4.391132060821342e-08
196;bairro_Sunnyside;1.2986096544671155e-05
197;bairro_Sunset Park;0.000684278080269073
198;bairro_Theater District;0.001761702759211112
199;bairro_Throgs Neck;1.925738072935614e-06
200;bairro_Todt Hill;0.0
201;bairro_Tompkinsville;1.917572133078614e-06
202;bairro_Tottenville;0.0
203;bairro_Tremont;0.0
204;bairro_Tribeca;0.01649237249680261
205;bairro_Two Bridges;2.213461548226815e-06
206;bairro_Unionport;0.0
207;bairro_University Heights;3.9138251865545554e-08
208;bairro_Upper East Side;0.006569918901452585
209;bairro_Upper West Side;0.006678287979230247
210;bairro_Van Nest;0.0
211;bairro_Vinegar Hill;0.0
212;bairro_Wakefield;3.979597519892225e-07
213;bairro_Washington Heights;2.368969620699627e-05
214;bairro_West Brighton;1.6074670088799917e-07
215;bairro_West Farms;0.0
216;bairro_West Village;0.002564590209950419
217;bairro_Westchester Square;9.099487732306091e-06
218;bairro_Westerleigh;0.0
219;bairro_Whitestone;1.440964304734213e-06
220;bairro_Williamsbridge;1.7055478264923384e-05
221;bairro_Williamsburg;0.0006524802654944269
222;bairro_Willowbrook;0.0
223;bairro_Windsor Terrace;4.352365660866703e-05
224;bairro_Woodhaven;1.1833107506615594e-06
225;bairro_Woodlawn;0.0
226;bairro_Woodside;7.824634163415411e-06
227;room_type_Private room;0.1224595521765099
228;room_type_Shared room;0.017803054552221004
229;ultima_review_2011-05-12;0.0
230;ultima_review_2011-09-18;0.0
231;ultima_review_2011-09-19;0.0
232;ultima_review_2012-01-03;0.0
233;ultima_review_2012-06-07;0.0
234;ultima_review_2012-07-11;0.0
235;ultima_review_2012-08-10;0.0
236;ultima_review_2012-08-22;0.0
237;ultima_review_2012-09-03;0.0
238;ultima_review_2012-09-17;0.0
239;ultima_review_2012-09-18;0.0
240;ultima_review_2012-09-23;0.0
241;ultima_review_2012-11-01;0.0
242;ultima_review_2012-11-10;0.0
243;ultima_review_2012-12-12;0.0
244;ultima_review_2012-12-25;0.0
245;ultima_review_2012-12-30;0.0
246;ultima_review_2013-01-01;0.0
247;ultima_review_2013-03-08;0.0
248;ultima_review_2013-03-31;0.0
249;ultima_review_2013-04-09;0.0
250;ultima_review_2013-04-21;0.0
251;ultima_review_2013-05-02;0.0
252;ultima_review_2013-05-06;0.0
253;ultima_review_2013-05-10;0.0
254;ultima_review_2013-06-22;0.0
255;ultima_review_2013-06-28;0.0
256;ultima_review_2013-07-09;0.0
257;ultima_review_2013-08-01;0.0
258;ultima_review_2013-09-04;0.0
259;ultima_review_2013-09-06;0.0
260;ultima_review_2013-09-16;0.0
261;ultima_review_2013-09-28;0.0
262;ultima_review_2013-10-09;0.0
263;ultima_review_2013-10-15;0.0
264;ultima_review_2013-10-17;0.0
265;ultima_review_2013-11-01;0.0
266;ultima_review_2013-11-09;0.0
267;ultima_review_2014-01-05;0.0
268;ultima_review_2014-01-07;0.0
269;ultima_review_2014-01-13;0.0
270;ultima_review_2014-02-01;0.0
271;ultima_review_2014-02-03;0.0
272;ultima_review_2014-04-20;0.0
273;ultima_review_2014-04-23;0.0
274;ultima_review_2014-04-27;0.0
275;ultima_review_2014-05-13;0.0
276;ultima_review_2014-05-17;0.0
277;ultima_review_2014-05-27;0.0
278;ultima_review_2014-06-02;0.0
279;ultima_review_2014-06-10;0.0
280;ultima_review_2014-06-14;0.0
281;ultima_review_2014-06-27;0.0
282;ultima_review_2014-06-30;0.0
283;ultima_review_2014-07-12;0.0
284;ultima_review_2014-07-13;0.0
285;ultima_review_2014-07-21;0.0
286;ultima_review_2014-08-04;0.0
287;ultima_review_2014-08-18;0.0
288;ultima_review_2014-08-21;0.0
289;ultima_review_2014-08-23;0.0
290;ultima_review_2014-08-28;0.0
291;ultima_review_2014-08-31;0.0
292;ultima_review_2014-09-03;0.0
293;ultima_review_2014-09-06;0.0
294;ultima_review_2014-09-09;0.0
295;ultima_review_2014-09-14;0.0
296;ultima_review_2014-09-15;0.0
297;ultima_review_2014-09-17;0.0
298;ultima_review_2014-09-22;0.0
299;ultima_review_2014-09-24;0.0
300;ultima_review_2014-09-27;0.0
301;ultima_review_2014-09-28;0.0
302;ultima_review_2014-10-05;0.0
303;ultima_review_2014-10-08;0.0
304;ultima_review_2014-10-11;0.0
305;ultima_review_2014-10-12;0.0
306;ultima_review_2014-10-17;0.0
307;ultima_review_2014-10-20;0.0
308;ultima_review_2014-10-24;0.0
309;ultima_review_2014-11-02;0.0
310;ultima_review_2014-11-09;0.0
311;ultima_review_2015-01-01;0.0
312;ultima_review_2015-01-02;0.0
313;ultima_review_2015-01-03;0.0
314;ultima_review_2015-01-04;0.0
315;ultima_review_2015-01-05;0.0
316;ultima_review_2015-01-09;0.0
317;ultima_review_2015-02-06;0.0
318;ultima_review_2015-02-16;0.0
319;ultima_review_2015-02-17;0.0
320;ultima_review_2015-02-21;0.0
321;ultima_review_2015-02-22;0.0
322;ultima_review_2015-02-23;0.0
323;ultima_review_2015-03-02;0.0
324;ultima_review_2015-03-06;0.0
325;ultima_review_2015-03-11;0.0
326;ultima_review_2015-03-18;0.0
327;ultima_review_2015-03-21;0.0
328;ultima_review_2015-03-23;0.0
329;ultima_review_2015-03-25;0.0
330;ultima_review_2015-03-27;0.0
331;ultima_review_2015-04-01;0.0
332;ultima_review_2015-04-02;0.0
333;ultima_review_2015-04-03;0.0
334;ultima_review_2015-04-28;0.0
335;ultima_review_2015-05-07;0.0
336;ultima_review_2015-05-09;0.0
337;ultima_review_2015-05-15;0.0
338;ultima_review_2015-05-17;0.0
339;ultima_review_2015-05-19;0.0
340;ultima_review_2015-05-20;0.0
341;ultima_review_2015-05-25;0.0
342;ultima_review_2015-06-01;0.0
343;ultima_review_2015-06-03;0.0
344;ultima_review_2015-06-05;0.0
345;ultima_review_2015-06-08;0.0
346;ultima_review_2015-06-18;0.0
347;ultima_review_2015-06-19;0.0
348;ultima_review_2015-06-25;0.0
349;ultima_review_2015-06-28;0.0
350;ultima_review_2015-07-01;0.0
351;ultima_review_2015-07-02;0.0
352;ultima_review_2015-07-03;0.0
353;ultima_review_2015-07-11;0.0
354;ultima_review_2015-07-15;0.0
355;ultima_review_2015-07-16;0.0
356;ultima_review_2015-07-19;0.0
357;ultima_review_2015-07-20;0.0
358;ultima_review_2015-07-31;0.0
359;ultima_review_2015-08-02;0.0
360;ultima_review_2015-08-05;0.0
361;ultima_review_2015-08-07;0.0
362;ultima_review_2015-08-08;0.0
363;ultima_review_2015-08-09;0.0
364;ultima_review_2015-08-10;0.0
365;ultima_review_2015-08-11;0.0
366;ultima_review_2015-08-12;0.0
367;ultima_review_2015-08-16;0.0
368;ultima_review_2015-08-19;0.0
369;ultima_review_2015-08-21;0.0
370;ultima_review_2015-08-23;0.0
371;ultima_review_2015-08-24;0.0
372;ultima_review_2015-08-25;0.0
373;ultima_review_2015-08-29;0.0
374;ultima_review_2015-08-30;0.0
375;ultima_review_2015-08-31;0.0
376;ultima_review_2015-09-01;0.0
377;ultima_review_2015-09-02;0.0
378;ultima_review_2015-09-06;0.0
379;ultima_review_2015-09-07;0.0
380;ultima_review_2015-09-08;0.0
381;ultima_review_2015-09-09;0.0
382;ultima_review_2015-09-16;0.0
383;ultima_review_2015-09-17;0.0
384;ultima_review_2015-09-21;0.0
385;ultima_review_2015-09-22;0.0
386;ultima_review_2015-09-26;0.0
387;ultima_review_2015-09-27;0.0
388;ultima_review_2015-09-28;0.0
389;ultima_review_2015-09-29;0.0
390;ultima_review_2015-09-30;0.0
391;ultima_review_2015-10-01;0.0
392;ultima_review_2015-10-02;0.0
393;ultima_review_2015-10-03;0.0
394;ultima_review_2015-10-04;0.0
395;ultima_review_2015-10-05;0.0
396;ultima_review_2015-10-06;0.0
397;ultima_review_2015-10-07;0.0
398;ultima_review_2015-10-08;0.0
399;ultima_review_2015-10-11;0.0
400;ultima_review_2015-10-12;0.0
401;ultima_review_2015-10-13;0.0
402;ultima_review_2015-10-14;0.0
403;ultima_review_2015-10-15;0.0
404;ultima_review_2015-10-18;0.0
405;ultima_review_2015-10-19;0.0
406;ultima_review_2015-10-20;0.0
407;ultima_review_2015-10-26;0.0
408;ultima_review_2015-10-27;0.0
409;ultima_review_2015-10-28;0.0
410;ultima_review_2015-10-29;0.0
411;ultima_review_2015-10-30;0.0
412;ultima_review_2015-10-31;0.0
413;ultima_review_2015-11-01;0.0
414;ultima_review_2015-11-02;0.0
415;ultima_review_2015-11-03;0.0
416;ultima_review_2015-11-06;0.0
417;ultima_review_2015-11-10;0.0
418;ultima_review_2015-11-13;0.0
419;ultima_review_2015-11-15;0.0
420;ultima_review_2015-11-18;0.0
421;ultima_review_2015-11-21;0.0
422;ultima_review_2015-11-25;0.0
423;ultima_review_2015-11-26;0.0
424;ultima_review_2015-11-27;0.0
425;ultima_review_2015-11-28;0.0
426;ultima_review_2015-12-02;0.0
427;ultima_review_2015-12-03;0.0
428;ultima_review_2015-12-04;0.0
429;ultima_review_2015-12-06;0.0
430;ultima_review_2015-12-07;0.0
431;ultima_review_2015-12-09;0.0
432;ultima_review_2015-12-11;0.0
433;ultima_review_2015-12-13;0.0
434;ultima_review_2015-12-14;0.0
435;ultima_review_2015-12-17;0.0
436;ultima_review_2015-12-20;0.0
437;ultima_review_2015-12-23;0.0
438;ultima_review_2015-12-30;0.0
439;ultima_review_2015-12-31;0.0
440;ultima_review_2016-01-01;0.0
441;ultima_review_2016-01-02;0.005896433202631714
442;ultima_review_2016-01-03;0.0
443;ultima_review_2016-01-05;0.0
444;ultima_review_2016-01-06;0.0
445;ultima_review_2016-01-09;0.0
446;ultima_review_2016-01-10;0.0
447;ultima_review_2016-01-11;0.0
448;ultima_review_2016-01-15;0.0
449;ultima_review_2016-01-17;0.0
450;ultima_review_2016-01-19;0.0
451;ultima_review_2016-01-20;0.0
452;ultima_review_2016-01-21;0.0
453;ultima_review_2016-01-27;0.0
454;ultima_review_2016-01-28;0.0
455;ultima_review_2016-02-10;0.0
456;ultima_review_2016-02-15;0.0
457;ultima_review_2016-02-19;0.0
458;ultima_review_2016-02-21;0.0
459;ultima_review_2016-02-22;0.0
460;ultima_review_2016-02-25;0.0
461;ultima_review_2016-02-27;0.0
462;ultima_review_2016-02-29;0.0
463;ultima_review_2016-03-11;0.0
464;ultima_review_2016-03-15;0.0
465;ultima_review_2016-03-18;0.0
466;ultima_review_2016-03-19;0.0
467;ultima_review_2016-03-27;0.0
468;ultima_review_2016-03-28;0.0
469;ultima_review_2016-04-01;0.0
470;ultima_review_2016-04-02;0.0
471;ultima_review_2016-04-04;0.0
472;ultima_review_2016-04-17;0.0
473;ultima_review_2016-04-20;0.0
474;ultima_review_2016-04-21;0.0
475;ultima_review_2016-05-01;0.0
476;ultima_review_2016-05-02;0.0
477;ultima_review_2016-05-03;0.0
478;ultima_review_2016-05-04;0.0
479;ultima_review_2016-05-06;0.0
480;ultima_review_2016-05-07;0.0
481;ultima_review_2016-05-09;0.0
482;ultima_review_2016-05-11;0.0
483;ultima_review_2016-05-12;0.0
484;ultima_review_2016-05-14;0.0
485;ultima_review_2016-05-15;0.0
486;ultima_review_2016-05-16;0.0
487;ultima_review_2016-05-17;0.0
488;ultima_review_2016-05-18;0.0
489;ultima_review_2016-05-19;0.0
490;ultima_review_2016-05-21;0.0
491;ultima_review_2016-05-22;0.0
492;ultima_review_2016-05-24;0.0
493;ultima_review_2016-05-25;0.0
494;ultima_review_2016-05-27;0.0
495;ultima_review_2016-05-28;0.0
496;ultima_review_2016-05-29;0.0
497;ultima_review_2016-06-02;0.0
498;ultima_review_2016-06-05;0.0
499;ultima_review_2016-06-06;0.0
500;ultima_review_2016-06-08;0.0
501;ultima_review_2016-06-10;0.0
502;ultima_review_2016-06-11;0.0
503;ultima_review_2016-06-12;0.0
504;ultima_review_2016-06-13;0.0
505;ultima_review_2016-06-14;0.0
506;ultima_review_2016-06-15;0.0
507;ultima_review_2016-06-17;0.0
508;ultima_review_2016-06-20;0.0
509;ultima_review_2016-06-23;0.0
510;ultima_review_2016-06-24;0.0
511;ultima_review_2016-06-27;0.0
512;ultima_review_2016-06-28;0.0
513;ultima_review_2016-06-29;0.0
514;ultima_review_2016-06-30;0.0
515;ultima_review_2016-07-01;0.0
516;ultima_review_2016-07-02;0.0
517;ultima_review_2016-07-03;0.0
518;ultima_review_2016-07-04;0.0
519;ultima_review_2016-07-05;0.0
520;ultima_review_2016-07-06;0.0
521;ultima_review_2016-07-08;0.0
522;ultima_review_2016-07-09;0.0
523;ultima_review_2016-07-12;0.0
524;ultima_review_2016-07-15;0.0
525;ultima_review_2016-07-16;0.0
526;ultima_review_2016-07-17;0.0
527;ultima_review_2016-07-18;0.0
528;ultima_review_2016-07-21;0.0
529;ultima_review_2016-07-23;0.0
530;ultima_review_2016-07-25;0.0
531;ultima_review_2016-07-28;0.0
532;ultima_review_2016-07-30;0.0
533;ultima_review_2016-07-31;0.0
534;ultima_review_2016-08-01;0.0
535;ultima_review_2016-08-03;0.0
536;ultima_review_2016-08-04;0.0
537;ultima_review_2016-08-05;0.0
538;ultima_review_2016-08-06;0.0
539;ultima_review_2016-08-07;0.0
540;ultima_review_2016-08-08;0.0
541;ultima_review_2016-08-13;0.0
542;ultima_review_2016-08-14;0.0
543;ultima_review_2016-08-15;0.0
544;ultima_review_2016-08-17;0.0
545;ultima_review_2016-08-18;0.0
546;ultima_review_2016-08-19;0.0
547;ultima_review_2016-08-20;0.0
548;ultima_review_2016-08-21;0.0
549;ultima_review_2016-08-23;0.0
550;ultima_review_2016-08-24;0.0
551;ultima_review_2016-08-26;0.0
552;ultima_review_2016-08-27;0.0
553;ultima_review_2016-08-28;0.0
554;ultima_review_2016-08-30;0.0
555;ultima_review_2016-08-31;0.0
556;ultima_review_2016-09-01;0.0
557;ultima_review_2016-09-02;0.0
558;ultima_review_2016-09-03;0.0
559;ultima_review_2016-09-05;0.0
560;ultima_review_2016-09-09;0.0
561;ultima_review_2016-09-10;0.0
562;ultima_review_2016-09-11;0.0
563;ultima_review_2016-09-13;0.0
564;ultima_review_2016-09-15;0.0
565;ultima_review_2016-09-17;0.0
566;ultima_review_2016-09-18;0.0
567;ultima_review_2016-09-19;0.0
568;ultima_review_2016-09-21;0.0
569;ultima_review_2016-09-22;0.0
570;ultima_review_2016-09-23;0.0
571;ultima_review_2016-09-25;0.0
572;ultima_review_2016-09-26;0.0
573;ultima_review_2016-09-27;0.0
574;ultima_review_2016-09-28;0.0
575;ultima_review_2016-09-29;0.0
576;ultima_review_2016-09-30;0.0
577;ultima_review_2016-10-01;0.0
578;ultima_review_2016-10-02;0.0
579;ultima_review_2016-10-03;0.0
580;ultima_review_2016-10-04;0.0
581;ultima_review_2016-10-06;0.0
582;ultima_review_2016-10-07;0.0
583;ultima_review_2016-10-08;0.0
584;ultima_review_2016-10-09;0.0
585;ultima_review_2016-10-10;0.0
586;ultima_review_2016-10-11;0.0
587;ultima_review_2016-10-12;0.0
588;ultima_review_2016-10-15;0.0
589;ultima_review_2016-10-16;0.0
590;ultima_review_2016-10-17;0.0
591;ultima_review_2016-10-18;0.0
592;ultima_review_2016-10-19;0.0
593;ultima_review_2016-10-20;0.0
594;ultima_review_2016-10-22;0.0
595;ultima_review_2016-10-23;0.0
596;ultima_review_2016-10-24;0.0
597;ultima_review_2016-10-26;0.0
598;ultima_review_2016-10-27;0.0
599;ultima_review_2016-10-28;0.0
600;ultima_review_2016-10-29;0.0
601;ultima_review_2016-10-30;0.0
602;ultima_review_2016-10-31;0.0
603;ultima_review_2016-11-01;0.0
604;ultima_review_2016-11-03;0.0
605;ultima_review_2016-11-04;0.0
606;ultima_review_2016-11-05;0.0
607;ultima_review_2016-11-06;0.0
608;ultima_review_2016-11-08;0.0
609;ultima_review_2016-11-12;0.0
610;ultima_review_2016-11-13;0.0
611;ultima_review_2016-11-14;0.0
612;ultima_review_2016-11-15;0.0
613;ultima_review_2016-11-16;0.0
614;ultima_review_2016-11-18;0.0
615;ultima_review_2016-11-20;0.0
616;ultima_review_2016-11-21;0.0
617;ultima_review_2016-11-25;0.0
618;ultima_review_2016-11-26;0.0
619;ultima_review_2016-11-28;0.0
620;ultima_review_2016-11-29;0.0
621;ultima_review_2016-11-30;0.0
622;ultima_review_2016-12-01;0.0
623;ultima_review_2016-12-02;0.0
624;ultima_review_2016-12-03;0.0
625;ultima_review_2016-12-04;0.0
626;ultima_review_2016-12-05;0.0
627;ultima_review_2016-12-06;0.0
628;ultima_review_2016-12-07;0.0
629;ultima_review_2016-12-08;0.0
630;ultima_review_2016-12-09;0.0
631;ultima_review_2016-12-10;0.0
632;ultima_review_2016-12-11;0.0
633;ultima_review_2016-12-13;0.0
634;ultima_review_2016-12-15;0.0
635;ultima_review_2016-12-16;0.0
636;ultima_review_2016-12-18;0.0
637;ultima_review_2016-12-24;0.0
638;ultima_review_2016-12-27;0.0
639;ultima_review_2016-12-28;0.0
640;ultima_review_2016-12-29;0.0
641;ultima_review_2016-12-30;0.0
642;ultima_review_2016-12-31;0.0
643;ultima_review_2017-01-01;0.0
644;ultima_review_2017-01-02;7.339005023430078e-05
645;ultima_review_2017-01-03;0.0
646;ultima_review_2017-01-04;0.0
647;ultima_review_2017-01-05;0.0
648;ultima_review_2017-01-06;0.0
649;ultima_review_2017-01-07;0.0
650;ultima_review_2017-01-08;0.0
651;ultima_review_2017-01-09;0.0
652;ultima_review_2017-01-13;0.0
653;ultima_review_2017-01-15;0.0
654;ultima_review_2017-01-16;0.0
655;ultima_review_2017-01-17;0.0
656;ultima_review_2017-01-19;0.0
657;ultima_review_2017-01-22;0.0
658;ultima_review_2017-01-23;0.0
659;ultima_review_2017-01-24;0.0
660;ultima_review_2017-01-25;0.0
661;ultima_review_2017-01-27;0.0
662;ultima_review_2017-01-28;0.0
663;ultima_review_2017-01-29;0.0
664;ultima_review_2017-01-30;0.0
665;ultima_review_2017-01-31;0.0
666;ultima_review_2017-02-01;0.0
667;ultima_review_2017-02-04;0.0
668;ultima_review_2017-02-05;0.0
669;ultima_review_2017-02-10;0.0
670;ultima_review_2017-02-11;0.0
671;ultima_review_2017-02-12;0.0
672;ultima_review_2017-02-13;0.0
673;ultima_review_2017-02-15;0.0
674;ultima_review_2017-02-16;0.0
675;ultima_review_2017-02-18;0.0
676;ultima_review_2017-02-19;0.0
677;ultima_review_2017-02-26;0.0
678;ultima_review_2017-03-01;0.0
679;ultima_review_2017-03-03;0.0
680;ultima_review_2017-03-07;0.0
681;ultima_review_2017-03-08;0.0
682;ultima_review_2017-03-11;0.0
683;ultima_review_2017-03-13;0.0
684;ultima_review_2017-03-17;0.0
685;ultima_review_2017-03-19;0.0
686;ultima_review_2017-03-25;0.0
687;ultima_review_2017-03-26;0.0
688;ultima_review_2017-03-31;0.0
689;ultima_review_2017-04-01;0.0
690;ultima_review_2017-04-02;0.0
691;ultima_review_2017-04-03;0.0
692;ultima_review_2017-04-04;0.0
693;ultima_review_2017-04-05;0.0
694;ultima_review_2017-04-07;0.0
695;ultima_review_2017-04-09;0.0
696;ultima_review_2017-04-10;0.0
697;ultima_review_2017-04-12;0.0
698;ultima_review_2017-04-15;0.0
699;ultima_review_2017-04-16;0.0
700;ultima_review_2017-04-17;0.0
701;ultima_review_2017-04-18;0.0
702;ultima_review_2017-04-19;0.0
703;ultima_review_2017-04-20;0.0
704;ultima_review_2017-04-22;0.0
705;ultima_review_2017-04-23;0.0
706;ultima_review_2017-04-27;0.0
707;ultima_review_2017-04-28;0.0
708;ultima_review_2017-04-30;0.0
709;ultima_review_2017-05-02;0.0
710;ultima_review_2017-05-03;0.0
711;ultima_review_2017-05-04;0.0
712;ultima_review_2017-05-05;0.0
713;ultima_review_2017-05-06;0.0
714;ultima_review_2017-05-07;0.0
715;ultima_review_2017-05-08;0.0
716;ultima_review_2017-05-09;0.0
717;ultima_review_2017-05-10;0.0
718;ultima_review_2017-05-11;0.0
719;ultima_review_2017-05-12;0.0
720;ultima_review_2017-05-13;0.0
721;ultima_review_2017-05-14;0.0
722;ultima_review_2017-05-16;0.0
723;ultima_review_2017-05-17;0.0
724;ultima_review_2017-05-18;0.0
725;ultima_review_2017-05-19;0.0
726;ultima_review_2017-05-20;0.0
727;ultima_review_2017-05-21;0.0
728;ultima_review_2017-05-22;0.0
729;ultima_review_2017-05-23;0.0
730;ultima_review_2017-05-24;0.0
731;ultima_review_2017-05-25;0.0
732;ultima_review_2017-05-26;0.0
733;ultima_review_2017-05-27;0.0
734;ultima_review_2017-05-28;0.0
735;ultima_review_2017-05-29;0.0
736;ultima_review_2017-05-30;0.0
737;ultima_review_2017-05-31;0.0
738;ultima_review_2017-06-01;0.0
739;ultima_review_2017-06-02;0.0
740;ultima_review_2017-06-03;0.0
741;ultima_review_2017-06-05;0.0
742;ultima_review_2017-06-09;0.0
743;ultima_review_2017-06-10;0.0
744;ultima_review_2017-06-11;0.0
745;ultima_review_2017-06-15;0.0
746;ultima_review_2017-06-16;0.0
747;ultima_review_2017-06-17;0.0
748;ultima_review_2017-06-18;0.0
749;ultima_review_2017-06-19;0.0
750;ultima_review_2017-06-20;0.0
751;ultima_review_2017-06-22;0.0
752;ultima_review_2017-06-23;0.0
753;ultima_review_2017-06-24;0.0
754;ultima_review_2017-06-25;0.0
755;ultima_review_2017-06-27;0.0
756;ultima_review_2017-06-28;0.0
757;ultima_review_2017-06-29;0.0
758;ultima_review_2017-06-30;0.0
759;ultima_review_2017-07-01;0.0
760;ultima_review_2017-07-02;0.0
761;ultima_review_2017-07-03;0.0
762;ultima_review_2017-07-04;0.0
763;ultima_review_2017-07-05;0.0
764;ultima_review_2017-07-09;0.0
765;ultima_review_2017-07-11;0.0
766;ultima_review_2017-07-15;0.0
767;ultima_review_2017-07-16;0.0
768;ultima_review_2017-07-17;0.0
769;ultima_review_2017-07-18;0.0
770;ultima_review_2017-07-19;0.0
771;ultima_review_2017-07-20;0.0
772;ultima_review_2017-07-21;0.0
773;ultima_review_2017-07-22;0.0
774;ultima_review_2017-07-23;0.0
775;ultima_review_2017-07-24;0.0
776;ultima_review_2017-07-27;0.0
777;ultima_review_2017-07-29;0.0
778;ultima_review_2017-07-30;0.0
779;ultima_review_2017-07-31;0.0
780;ultima_review_2017-08-01;0.0
781;ultima_review_2017-08-02;0.0
782;ultima_review_2017-08-03;0.0
783;ultima_review_2017-08-04;0.0
784;ultima_review_2017-08-05;0.0
785;ultima_review_2017-08-06;0.0
786;ultima_review_2017-08-07;0.0
787;ultima_review_2017-08-08;0.0
788;ultima_review_2017-08-09;0.0
789;ultima_review_2017-08-11;0.0
790;ultima_review_2017-08-12;0.0
791;ultima_review_2017-08-13;0.0
792;ultima_review_2017-08-14;0.0
793;ultima_review_2017-08-15;0.0
794;ultima_review_2017-08-17;0.0
795;ultima_review_2017-08-18;0.0
796;ultima_review_2017-08-19;0.0
797;ultima_review_2017-08-20;0.0
798;ultima_review_2017-08-21;0.0
799;ultima_review_2017-08-22;0.0
800;ultima_review_2017-08-24;0.0
801;ultima_review_2017-08-25;0.0
802;ultima_review_2017-08-26;0.0
803;ultima_review_2017-08-27;0.0
804;ultima_review_2017-08-28;0.0
805;ultima_review_2017-08-29;0.0
806;ultima_review_2017-08-31;0.0
807;ultima_review_2017-09-01;0.0
808;ultima_review_2017-09-02;0.0
809;ultima_review_2017-09-03;0.0
810;ultima_review_2017-09-04;0.0
811;ultima_review_2017-09-05;0.0
812;ultima_review_2017-09-06;0.0
813;ultima_review_2017-09-07;0.0
814;ultima_review_2017-09-08;0.0
815;ultima_review_2017-09-09;0.0
816;ultima_review_2017-09-10;0.0
817;ultima_review_2017-09-11;0.0
818;ultima_review_2017-09-12;0.0
819;ultima_review_2017-09-13;0.0
820;ultima_review_2017-09-14;0.0
821;ultima_review_2017-09-15;0.0
822;ultima_review_2017-09-16;0.0
823;ultima_review_2017-09-17;0.0
824;ultima_review_2017-09-18;0.0
825;ultima_review_2017-09-19;0.0
826;ultima_review_2017-09-20;0.0
827;ultima_review_2017-09-21;0.0
828;ultima_review_2017-09-22;0.0
829;ultima_review_2017-09-23;0.0
830;ultima_review_2017-09-24;0.0
831;ultima_review_2017-09-25;0.0
832;ultima_review_2017-09-26;0.0
833;ultima_review_2017-09-27;0.0
834;ultima_review_2017-09-28;0.0
835;ultima_review_2017-09-29;0.0
836;ultima_review_2017-09-30;0.0
837;ultima_review_2017-10-01;0.0
838;ultima_review_2017-10-02;0.0
839;ultima_review_2017-10-03;0.0
840;ultima_review_2017-10-04;0.0
841;ultima_review_2017-10-06;0.0
842;ultima_review_2017-10-07;0.0
843;ultima_review_2017-10-08;0.0
844;ultima_review_2017-10-09;0.0
845;ultima_review_2017-10-10;0.0
846;ultima_review_2017-10-12;0.0
847;ultima_review_2017-10-13;0.0
848;ultima_review_2017-10-14;0.0
849;ultima_review_2017-10-15;0.0
850;ultima_review_2017-10-16;0.0
851;ultima_review_2017-10-17;0.0
852;ultima_review_2017-10-18;0.0
853;ultima_review_2017-10-19;0.0
854;ultima_review_2017-10-20;0.0
855;ultima_review_2017-10-22;0.0
856;ultima_review_2017-10-23;0.0
857;ultima_review_2017-10-24;0.0
858;ultima_review_2017-10-25;0.0
859;ultima_review_2017-10-27;0.0
860;ultima_review_2017-10-28;0.0
861;ultima_review_2017-10-29;0.0
862;ultima_review_2017-10-30;0.0
863;ultima_review_2017-10-31;0.0
864;ultima_review_2017-11-01;0.0
865;ultima_review_2017-11-02;0.0
866;ultima_review_2017-11-04;0.0
867;ultima_review_2017-11-05;0.0
868;ultima_review_2017-11-06;0.0
869;ultima_review_2017-11-12;0.0
870;ultima_review_2017-11-13;0.0
871;ultima_review_2017-11-14;0.0
872;ultima_review_2017-11-15;0.0
873;ultima_review_2017-11-17;0.0
874;ultima_review_2017-11-18;0.0
875;ultima_review_2017-11-19;0.0
876;ultima_review_2017-11-20;0.0
877;ultima_review_2017-11-21;0.0
878;ultima_review_2017-11-22;0.0
879;ultima_review_2017-11-24;0.0
880;ultima_review_2017-11-25;0.0
881;ultima_review_2017-11-26;0.0
882;ultima_review_2017-11-28;0.0
883;ultima_review_2017-11-29;0.0
884;ultima_review_2017-11-30;0.0
885;ultima_review_2017-12-01;0.0
886;ultima_review_2017-12-02;0.0
887;ultima_review_2017-12-03;0.0
888;ultima_review_2017-12-05;0.0
889;ultima_review_2017-12-06;0.0
890;ultima_review_2017-12-08;0.0
891;ultima_review_2017-12-09;0.0
892;ultima_review_2017-12-10;0.0
893;ultima_review_2017-12-11;0.0
894;ultima_review_2017-12-12;0.0
895;ultima_review_2017-12-14;0.0
896;ultima_review_2017-12-15;0.0
897;ultima_review_2017-12-16;0.0
898;ultima_review_2017-12-17;0.0
899;ultima_review_2017-12-18;0.0
900;ultima_review_2017-12-19;0.0
901;ultima_review_2017-12-20;0.0
902;ultima_review_2017-12-21;0.0
903;ultima_review_2017-12-22;1.2923113953005659e-06
904;ultima_review_2017-12-24;0.0
905;ultima_review_2017-12-25;0.0
906;ultima_review_2017-12-26;0.0
907;ultima_review_2017-12-27;0.0
908;ultima_review_2017-12-28;0.0
909;ultima_review_2017-12-29;0.0
910;ultima_review_2017-12-30;0.0
911;ultima_review_2017-12-31;0.0
912;ultima_review_2018-01-01;0.0
913;ultima_review_2018-01-02;4.981991987791724e-06
914;ultima_review_2018-01-03;1.8661970083952476e-06
915;ultima_review_2018-01-04;0.0
916;ultima_review_2018-01-05;0.0
917;ultima_review_2018-01-06;0.0
918;ultima_review_2018-01-07;0.0
919;ultima_review_2018-01-08;0.0
920;ultima_review_2018-01-09;0.0
921;ultima_review_2018-01-10;0.0
922;ultima_review_2018-01-12;0.0
923;ultima_review_2018-01-13;0.0
924;ultima_review_2018-01-15;0.0
925;ultima_review_2018-01-16;0.0
926;ultima_review_2018-01-17;0.0
927;ultima_review_2018-01-18;0.0
928;ultima_review_2018-01-21;0.0
929;ultima_review_2018-01-24;0.0
930;ultima_review_2018-01-25;0.0
931;ultima_review_2018-01-26;0.0
932;ultima_review_2018-01-27;0.0
933;ultima_review_2018-01-30;0.0
934;ultima_review_2018-01-31;0.0
935;ultima_review_2018-02-01;0.0
936;ultima_review_2018-02-02;0.0
937;ultima_review_2018-02-04;0.0
938;ultima_review_2018-02-05;0.0
939;ultima_review_2018-02-08;0.0
940;ultima_review_2018-02-09;0.0
941;ultima_review_2018-02-11;0.0
942;ultima_review_2018-02-12;0.0
943;ultima_review_2018-02-14;0.0
944;ultima_review_2018-02-15;0.0
945;ultima_review_2018-02-16;0.0
946;ultima_review_2018-02-17;0.0
947;ultima_review_2018-02-18;0.0
948;ultima_review_2018-02-19;0.0
949;ultima_review_2018-02-20;0.0
950;ultima_review_2018-02-21;0.0
951;ultima_review_2018-02-25;0.0
952;ultima_review_2018-02-26;0.0
953;ultima_review_2018-02-27;0.0
954;ultima_review_2018-03-01;0.0
955;ultima_review_2018-03-02;0.0
956;ultima_review_2018-03-03;0.0
957;ultima_review_2018-03-05;0.0
958;ultima_review_2018-03-06;0.0
959;ultima_review_2018-03-07;0.0
960;ultima_review_2018-03-08;0.0
961;ultima_review_2018-03-09;0.0
962;ultima_review_2018-03-10;0.0
963;ultima_review_2018-03-11;0.0
964;ultima_review_2018-03-12;0.0
965;ultima_review_2018-03-13;0.0
966;ultima_review_2018-03-14;0.0
967;ultima_review_2018-03-15;0.0
968;ultima_review_2018-03-16;0.0
969;ultima_review_2018-03-17;0.0
970;ultima_review_2018-03-18;0.0
971;ultima_review_2018-03-19;0.0
972;ultima_review_2018-03-20;0.0
973;ultima_review_2018-03-22;0.0
974;ultima_review_2018-03-23;0.0
975;ultima_review_2018-03-24;0.0
976;ultima_review_2018-03-25;0.0
977;ultima_review_2018-03-26;0.0
978;ultima_review_2018-03-27;0.0
979;ultima_review_2018-03-28;0.0
980;ultima_review_2018-03-30;0.0
981;ultima_review_2018-03-31;0.0
982;ultima_review_2018-04-01;0.0
983;ultima_review_2018-04-02;0.0
984;ultima_review_2018-04-03;0.0
985;ultima_review_2018-04-04;0.0
986;ultima_review_2018-04-05;0.0
987;ultima_review_2018-04-06;0.0
988;ultima_review_2018-04-07;0.0
989;ultima_review_2018-04-08;0.0
990;ultima_review_2018-04-10;0.0
991;ultima_review_2018-04-12;0.0
992;ultima_review_2018-04-13;0.0
993;ultima_review_2018-04-14;0.0
994;ultima_review_2018-04-15;0.0
995;ultima_review_2018-04-16;0.0
996;ultima_review_2018-04-17;0.0
997;ultima_review_2018-04-18;0.0
998;ultima_review_2018-04-19;0.0
999;ultima_review_2018-04-20;0.0
1000;ultima_review_2018-04-21;0.0
1001;ultima_review_2018-04-22;0.0
1002;ultima_review_2018-04-23;0.0
1003;ultima_review_2018-04-24;0.0
1004;ultima_review_2018-04-25;0.0
1005;ultima_review_2018-04-26;0.0
1006;ultima_review_2018-04-27;0.0
1007;ultima_review_2018-04-28;0.0
1008;ultima_review_2018-04-29;0.0
1009;ultima_review_2018-04-30;0.0
1010;ultima_review_2018-05-01;0.0
1011;ultima_review_2018-05-02;0.0
1012;ultima_review_2018-05-03;0.0
1013;ultima_review_2018-05-04;0.0
1014;ultima_review_2018-05-05;0.0
1015;ultima_review_2018-05-06;0.0
1016;ultima_review_2018-05-07;0.0
1017;ultima_review_2018-05-08;0.0
1018;ultima_review_2018-05-09;0.0
1019;ultima_review_2018-05-10;0.0
1020;ultima_review_2018-05-11;0.0
1021;ultima_review_2018-05-12;0.0
1022;ultima_review_2018-05-13;0.0
1023;ultima_review_2018-05-14;0.0
1024;ultima_review_2018-05-15;0.0
1025;ultima_review_2018-05-16;0.0
1026;ultima_review_2018-05-17;0.0
1027;ultima_review_2018-05-18;0.0
1028;ultima_review_2018-05-19;3.6014708253989264e-06
1029;ultima_review_2018-05-20;0.0
1030;ultima_review_2018-05-21;0.0
1031;ultima_review_2018-05-22;0.0
1032;ultima_review_2018-05-23;0.0
1033;ultima_review_2018-05-24;0.0
1034;ultima_review_2018-05-25;0.0
1035;ultima_review_2018-05-26;0.0
1036;ultima_review_2018-05-27;0.0
1037;ultima_review_2018-05-28;0.0
1038;ultima_review_2018-05-29;0.0
1039;ultima_review_2018-05-30;0.0
1040;ultima_review_2018-05-31;0.0
1041;ultima_review_2018-06-01;0.0
1042;ultima_review_2018-06-02;0.0
1043;ultima_review_2018-06-03;0.0
1044;ultima_review_2018-06-04;0.0
1045;ultima_review_2018-06-05;0.0
1046;ultima_review_2018-06-06;0.0
1047;ultima_review_2018-06-07;0.0
1048;ultima_review_2018-06-08;0.0
1049;ultima_review_2018-06-09;0.0
1050;ultima_review_2018-06-10;0.0
1051;ultima_review_2018-06-11;0.0
1052;ultima_review_2018-06-12;0.0
1053;ultima_review_2018-06-13;0.0
1054;ultima_review_2018-06-14;0.0
1055;ultima_review_2018-06-15;0.0
1056;ultima_review_2018-06-16;0.0
1057;ultima_review_2018-06-17;0.0
1058;ultima_review_2018-06-18;0.0
1059;ultima_review_2018-06-19;0.0
1060;ultima_review_2018-06-20;0.0
1061;ultima_review_2018-06-21;0.0
1062;ultima_review_2018-06-22;0.0
1063;ultima_review_2018-06-23;0.0
1064;ultima_review_2018-06-24;0.0
1065;ultima_review_2018-06-25;0.0
1066;ultima_review_2018-06-26;0.0
1067;ultima_review_2018-06-27;0.0
1068;ultima_review_2018-06-28;0.0
1069;ultima_review_2018-06-29;0.0
1070;ultima_review_2018-06-30;0.0
1071;ultima_review_2018-07-01;0.0
1072;ultima_review_2018-07-02;0.0
1073;ultima_review_2018-07-03;0.0
1074;ultima_review_2018-07-04;0.0
1075;ultima_review_2018-07-05;0.0
1076;ultima_review_2018-07-06;0.0
1077;ultima_review_2018-07-07;0.0
1078;ultima_review_2018-07-08;0.0
1079;ultima_review_2018-07-09;0.0
1080;ultima_review_2018-07-10;0.0
1081;ultima_review_2018-07-11;0.0
1082;ultima_review_2018-07-12;0.0
1083;ultima_review_2018-07-13;0.0
1084;ultima_review_2018-07-14;0.0
1085;ultima_review_2018-07-15;0.0
1086;ultima_review_2018-07-16;0.0
1087;ultima_review_2018-07-17;0.0
1088;ultima_review_2018-07-18;0.0
1089;ultima_review_2018-07-19;0.0
1090;ultima_review_2018-07-20;0.0
1091;ultima_review_2018-07-21;0.0
1092;ultima_review_2018-07-22;0.0
1093;ultima_review_2018-07-23;0.0
1094;ultima_review_2018-07-24;0.0
1095;ultima_review_2018-07-25;0.0
1096;ultima_review_2018-07-26;0.0
1097;ultima_review_2018-07-27;0.0
1098;ultima_review_2018-07-28;0.0
1099;ultima_review_2018-07-29;0.0
1100;ultima_review_2018-07-30;0.0
1101;ultima_review_2018-07-31;0.0
1102;ultima_review_2018-08-01;0.0
1103;ultima_review_2018-08-02;0.0
1104;ultima_review_2018-08-03;0.0
1105;ultima_review_2018-08-04;0.0
1106;ultima_review_2018-08-05;0.0
1107;ultima_review_2018-08-06;0.0
1108;ultima_review_2018-08-07;0.0
1109;ultima_review_2018-08-08;0.0
1110;ultima_review_2018-08-09;0.0
1111;ultima_review_2018-08-10;0.0
1112;ultima_review_2018-08-11;0.0
1113;ultima_review_2018-08-12;0.0
1114;ultima_review_2018-08-13;0.0
1115;ultima_review_2018-08-14;0.0
1116;ultima_review_2018-08-15;0.0
1117;ultima_review_2018-08-16;0.0
1118;ultima_review_2018-08-17;0.0
1119;ultima_review_2018-08-18;0.0
1120;ultima_review_2018-08-19;0.0
1121;ultima_review_2018-08-20;0.0
1122;ultima_review_2018-08-21;0.0
1123;ultima_review_2018-08-22;0.0
1124;ultima_review_2018-08-23;0.0
1125;ultima_review_2018-08-24;0.0
1126;ultima_review_2018-08-25;0.0
1127;ultima_review_2018-08-26;0.0
1128;ultima_review_2018-08-27;0.0
1129;ultima_review_2018-08-28;0.0
1130;ultima_review_2018-08-29;0.0
1131;ultima_review_2018-08-30;0.0
1132;ultima_review_2018-08-31;0.0
1133;ultima_review_2018-09-01;0.0
1134;ultima_review_2018-09-02;0.0
1135;ultima_review_2018-09-03;4.6010002339716535e-06
1136;ultima_review_2018-09-04;0.0
1137;ultima_review_2018-09-05;0.0
1138;ultima_review_2018-09-06;0.0
1139;ultima_review_2018-09-07;0.0
1140;ultima_review_2018-09-08;0.0
1141;ultima_review_2018-09-09;0.0
1142;ultima_review_2018-09-10;0.0
1143;ultima_review_2018-09-11;0.0
1144;ultima_review_2018-09-12;0.0
1145;ultima_review_2018-09-13;0.0
1146;ultima_review_2018-09-14;0.0
1147;ultima_review_2018-09-15;0.0
1148;ultima_review_2018-09-16;0.0
1149;ultima_review_2018-09-17;0.0
1150;ultima_review_2018-09-18;0.020407048870530194
1151;ultima_review_2018-09-19;0.0
1152;ultima_review_2018-09-20;0.0
1153;ultima_review_2018-09-21;0.0
1154;ultima_review_2018-09-22;0.0
1155;ultima_review_2018-09-23;0.00035102981081879165
1156;ultima_review_2018-09-24;0.0
1157;ultima_review_2018-09-25;0.0
1158;ultima_review_2018-09-26;0.0
1159;ultima_review_2018-09-27;0.0
1160;ultima_review_2018-09-28;0.0
1161;ultima_review_2018-09-29;2.709053149970217e-05
1162;ultima_review_2018-09-30;0.0
1163;ultima_review_2018-10-01;0.0
1164;ultima_review_2018-10-02;0.0
1165;ultima_review_2018-10-03;1.010753413986287e-05
1166;ultima_review_2018-10-04;0.0
1167;ultima_review_2018-10-05;0.0
1168;ultima_review_2018-10-06;0.0
1169;ultima_review_2018-10-07;0.00010108384807939827
1170;ultima_review_2018-10-08;1.401845602913331e-06
1171;ultima_review_2018-10-09;0.0
1172;ultima_review_2018-10-10;0.0
1173;ultima_review_2018-10-11;0.0
1174;ultima_review_2018-10-12;0.0
1175;ultima_review_2018-10-13;0.0
1176;ultima_review_2018-10-14;0.0
1177;ultima_review_2018-10-15;3.950684743124903e-05
1178;ultima_review_2018-10-16;0.0
1179;ultima_review_2018-10-17;0.0
1180;ultima_review_2018-10-18;0.0
1181;ultima_review_2018-10-19;0.0
1182;ultima_review_2018-10-20;0.0
1183;ultima_review_2018-10-21;0.0
1184;ultima_review_2018-10-22;0.0
1185;ultima_review_2018-10-23;0.0
1186;ultima_review_2018-10-24;0.0
1187;ultima_review_2018-10-25;0.0
1188;ultima_review_2018-10-26;0.0
1189;ultima_review_2018-10-27;0.0
1190;ultima_review_2018-10-28;0.0
1191;ultima_review_2018-10-29;0.0
1192;ultima_review_2018-10-30;0.0
1193;ultima_review_2018-10-31;0.0
1194;ultima_review_2018-11-01;0.0
1195;ultima_review_2018-11-02;0.0
1196;ultima_review_2018-11-03;0.0
1197;ultima_review_2018-11-04;0.0
1198;ultima_review_2018-11-05;0.0
1199;ultima_review_2018-11-06;0.0
1200;ultima_review_2018-11-07;0.0
1201;ultima_review_2018-11-08;0.0
1202;ultima_review_2018-11-09;0.0
1203;ultima_review_2018-11-10;0.0
1204;ultima_review_2018-11-11;0.0
1205;ultima_review_2018-11-12;0.0
1206;ultima_review_2018-11-13;0.0
1207;ultima_review_2018-11-14;0.0
1208;ultima_review_2018-11-15;0.0
1209;ultima_review_2018-11-16;0.0
1210;ultima_review_2018-11-17;0.0
1211;ultima_review_2018-11-18;0.0
1212;ultima_review_2018-11-19;0.0
1213;ultima_review_2018-11-20;0.0
1214;ultima_review_2018-11-21;0.0
1215;ultima_review_2018-11-22;0.0
1216;ultima_review_2018-11-23;0.0
1217;ultima_review_2018-11-24;0.0
1218;ultima_review_2018-11-25;0.0
1219;ultima_review_2018-11-26;0.0
1220;ultima_review_2018-11-27;0.0
1221;ultima_review_2018-11-28;0.0
1222;ultima_review_2018-11-29;0.0
1223;ultima_review_2018-11-30;0.0
1224;ultima_review_2018-12-01;0.0
1225;ultima_review_2018-12-02;1.6672534453340119e-06
1226;ultima_review_2018-12-03;0.0
1227;ultima_review_2018-12-04;0.0
1228;ultima_review_2018-12-05;1.521780849328586e-05
1229;ultima_review_2018-12-06;0.0
1230;ultima_review_2018-12-07;0.0
1231;ultima_review_2018-12-08;0.0
1232;ultima_review_2018-12-09;0.0
1233;ultima_review_2018-12-10;0.0
1234;ultima_review_2018-12-11;0.0
1235;ultima_review_2018-12-12;0.0
1236;ultima_review_2018-12-13;0.0
1237;ultima_review_2018-12-14;0.0
1238;ultima_review_2018-12-15;0.0
1239;ultima_review_2018-12-16;0.0
1240;ultima_review_2018-12-17;0.0
1241;ultima_review_2018-12-18;0.0
1242;ultima_review_2018-12-19;0.0
1243;ultima_review_2018-12-20;0.0
1244;ultima_review_2018-12-21;0.0
1245;ultima_review_2018-12-22;0.0
1246;ultima_review_2018-12-23;0.0
1247;ultima_review_2018-12-24;0.0
1248;ultima_review_2018-12-25;0.0
1249;ultima_review_2018-12-26;0.0
1250;ultima_review_2018-12-27;0.0
1251;ultima_review_2018-12-28;0.0
1252;ultima_review_2018-12-29;0.0006272744224221295
1253;ultima_review_2018-12-30;1.36095799928603e-05
1254;ultima_review_2018-12-31;6.130603414426779e-05
1255;ultima_review_2019-01-01;0.00013140160986044495
1256;ultima_review_2019-01-02;3.910370495518284e-05
1257;ultima_review_2019-01-03;4.760833856228244e-05
1258;ultima_review_2019-01-04;5.3134650555940115e-05
1259;ultima_review_2019-01-05;0.0
1260;ultima_review_2019-01-06;0.0
1261;ultima_review_2019-01-07;0.0
1262;ultima_review_2019-01-08;0.0
1263;ultima_review_2019-01-09;0.0
1264;ultima_review_2019-01-10;0.0
1265;ultima_review_2019-01-11;0.0
1266;ultima_review_2019-01-12;0.0
1267;ultima_review_2019-01-13;0.0
1268;ultima_review_2019-01-14;0.0
1269;ultima_review_2019-01-15;0.0
1270;ultima_review_2019-01-16;0.0
1271;ultima_review_2019-01-17;0.0
1272;ultima_review_2019-01-18;0.0
1273;ultima_review_2019-01-19;0.0
1274;ultima_review_2019-01-20;0.0
1275;ultima_review_2019-01-21;0.0
1276;ultima_review_2019-01-22;0.0
1277;ultima_review_2019-01-23;0.0
1278;ultima_review_2019-01-24;0.0
1279;ultima_review_2019-01-25;0.0
1280;ultima_review_2019-01-26;0.0
1281;ultima_review_2019-01-27;8.351159607023457e-05
1282;ultima_review_2019-01-28;0.0
1283;ultima_review_2019-01-29;0.0
1284;ultima_review_2019-01-30;0.0
1285;ultima_review_2019-01-31;0.0
1286;ultima_review_2019-02-01;0.0
1287;ultima_review_2019-02-02;0.0
1288;ultima_review_2019-02-03;0.0
1289;ultima_review_2019-02-04;0.0
1290;ultima_review_2019-02-05;0.0
1291;ultima_review_2019-02-06;0.0
1292;ultima_review_2019-02-07;0.0
1293;ultima_review_2019-02-08;0.0
1294;ultima_review_2019-02-09;0.0
1295;ultima_review_2019-02-10;0.0
1296;ultima_review_2019-02-11;0.0
1297;ultima_review_2019-02-12;0.0
1298;ultima_review_2019-02-13;0.0
1299;ultima_review_2019-02-14;0.0
1300;ultima_review_2019-02-15;0.0
1301;ultima_review_2019-02-16;0.0
1302;ultima_review_2019-02-17;1.5284576238676978e-05
1303;ultima_review_2019-02-18;0.0
1304;ultima_review_2019-02-19;0.0
1305;ultima_review_2019-02-20;0.0
1306;ultima_review_2019-02-21;0.0
1307;ultima_review_2019-02-22;0.0
1308;ultima_review_2019-02-23;0.0
1309;ultima_review_2019-02-24;0.0
1310;ultima_review_2019-02-25;0.0
1311;ultima_review_2019-02-26;0.0
1312;ultima_review_2019-02-27;0.0
1313;ultima_review_2019-02-28;0.0
1314;ultima_review_2019-03-01;0.0
1315;ultima_review_2019-03-02;0.0010272248462796037
1316;ultima_review_2019-03-03;5.611852904994738e-06
1317;ultima_review_2019-03-04;0.0
1318;ultima_review_2019-03-05;0.0
1319;ultima_review_2019-03-06;7.175742793286226e-06
1320;ultima_review_2019-03-07;0.0
1321;ultima_review_2019-03-08;0.0
1322;ultima_review_2019-03-09;8.561003183670881e-07
1323;ultima_review_2019-03-10;0.0
1324;ultima_review_2019-03-11;0.0
1325;ultima_review_2019-03-12;0.0
1326;ultima_review_2019-03-13;0.0
1327;ultima_review_2019-03-14;0.0
1328;ultima_review_2019-03-15;0.0
1329;ultima_review_2019-03-16;0.0
1330;ultima_review_2019-03-17;0.0
1331;ultima_review_2019-03-18;0.0
1332;ultima_review_2019-03-19;0.0
1333;ultima_review_2019-03-20;0.0
1334;ultima_review_2019-03-21;0.0
1335;ultima_review_2019-03-22;0.0
1336;ultima_review_2019-03-23;0.0
1337;ultima_review_2019-03-24;1.8758147533447303e-06
1338;ultima_review_2019-03-25;0.0
1339;ultima_review_2019-03-26;0.0
1340;ultima_review_2019-03-27;0.0
1341;ultima_review_2019-03-28;0.0
1342;ultima_review_2019-03-29;1.7468021289239773e-07
1343;ultima_review_2019-03-30;2.1902603914568643e-05
1344;ultima_review_2019-03-31;0.00010299138966080364
1345;ultima_review_2019-04-01;0.0
1346;ultima_review_2019-04-02;0.0
1347;ultima_review_2019-04-03;0.0
1348;ultima_review_2019-04-04;0.0
1349;ultima_review_2019-04-05;0.0
1350;ultima_review_2019-04-06;0.0
1351;ultima_review_2019-04-07;0.0
1352;ultima_review_2019-04-08;0.0
1353;ultima_review_2019-04-09;0.0
1354;ultima_review_2019-04-10;0.0
1355;ultima_review_2019-04-11;0.0
1356;ultima_review_2019-04-12;0.0
1357;ultima_review_2019-04-13;0.0
1358;ultima_review_2019-04-14;0.0
1359;ultima_review_2019-04-15;1.9275947956504512e-07
1360;ultima_review_2019-04-16;0.0
1361;ultima_review_2019-04-17;3.0775378533453425e-05
1362;ultima_review_2019-04-18;0.0
1363;ultima_review_2019-04-19;1.2735774991562731e-06
1364;ultima_review_2019-04-20;3.483709296592695e-05
1365;ultima_review_2019-04-21;0.00011080876325386734
1366;ultima_review_2019-04-22;8.574926036370525e-05
1367;ultima_review_2019-04-23;0.0
1368;ultima_review_2019-04-24;1.2891653533110598e-05
1369;ultima_review_2019-04-25;0.0
1370;ultima_review_2019-04-26;2.8144995306777158e-05
1371;ultima_review_2019-04-27;7.223708174160014e-05
1372;ultima_review_2019-04-28;0.0002432349112770529
1373;ultima_review_2019-04-29;1.0486078213475609e-05
1374;ultima_review_2019-04-30;9.377749067723175e-07
1375;ultima_review_2019-05-01;0.0
1376;ultima_review_2019-05-02;0.0
1377;ultima_review_2019-05-03;0.0
1378;ultima_review_2019-05-04;1.5349631530646827e-05
1379;ultima_review_2019-05-05;4.2880113105460445e-05
1380;ultima_review_2019-05-06;2.324837572209236e-05
1381;ultima_review_2019-05-07;2.8810178947546072e-05
1382;ultima_review_2019-05-08;1.982416813686674e-05
1383;ultima_review_2019-05-09;1.7132241343583571e-07
1384;ultima_review_2019-05-10;0.0
1385;ultima_review_2019-05-11;1.6093573863095975e-07
1386;ultima_review_2019-05-12;2.891285801174546e-05
1387;ultima_review_2019-05-13;0.00020438338614588522
1388;ultima_review_2019-05-14;0.0
1389;ultima_review_2019-05-15;8.479434280857423e-06
1390;ultima_review_2019-05-16;1.1293604334783564e-05
1391;ultima_review_2019-05-17;0.00012532351848934265
1392;ultima_review_2019-05-18;3.057841110279368e-05
1393;ultima_review_2019-05-19;8.948108661450874e-05
1394;ultima_review_2019-05-20;0.00015051682746874517
1395;ultima_review_2019-05-21;1.3729215253692942e-05
1396;ultima_review_2019-05-22;8.202621523986644e-06
1397;ultima_review_2019-05-23;0.0003503219864089575
1398;ultima_review_2019-05-24;0.00010831721611477946
1399;ultima_review_2019-05-25;3.225463441671672e-08
1400;ultima_review_2019-05-26;0.00011354059426327554
1401;ultima_review_2019-05-27;6.232124220264905e-05
1402;ultima_review_2019-05-28;2.5909976482271987e-05
1403;ultima_review_2019-05-29;7.64295981146906e-06
1404;ultima_review_2019-05-30;1.7538538943435863e-05
1405;ultima_review_2019-05-31;2.245845327863991e-05
1406;ultima_review_2019-06-01;0.00010705695072685737
1407;ultima_review_2019-06-02;0.00030233571549280523
1408;ultima_review_2019-06-03;6.708116768675348e-05
1409;ultima_review_2019-06-04;5.1287766082620957e-05
1410;ultima_review_2019-06-05;3.269950999512381e-05
1411;ultima_review_2019-06-06;5.7726063823597824e-05
1412;ultima_review_2019-06-07;4.96398542490298e-07
1413;ultima_review_2019-06-08;0.0009345671488184581
1414;ultima_review_2019-06-09;6.82912209829637e-05
1415;ultima_review_2019-06-10;0.00026061087393453193
1416;ultima_review_2019-06-11;1.6640358997907905e-05
1417;ultima_review_2019-06-12;3.72904105968094e-05
1418;ultima_review_2019-06-13;4.1941082079081186e-05
1419;ultima_review_2019-06-14;0.00014411745468813884
1420;ultima_review_2019-06-15;0.0017515316566578283
1421;ultima_review_2019-06-16;0.00022386313922965087
1422;ultima_review_2019-06-17;6.097700712805299e-05
1423;ultima_review_2019-06-18;5.3882510158421736e-05
1424;ultima_review_2019-06-19;0.00033231600662605456
1425;ultima_review_2019-06-20;6.173287432710153e-05
1426;ultima_review_2019-06-21;0.00013364390150839736
1427;ultima_review_2019-06-22;0.004264568065405129
1428;ultima_review_2019-06-23;0.0003402668908257022
1429;ultima_review_2019-06-24;0.0012872527150287034
1430;ultima_review_2019-06-25;4.10591363279116e-05
1431;ultima_review_2019-06-26;3.850192335654596e-05
1432;ultima_review_2019-06-27;0.0004657305553296528
1433;ultima_review_2019-06-28;4.4498683538188595e-05
1434;ultima_review_2019-06-29;0.0005546785592777937
1435;ultima_review_2019-06-30;0.0005373540555968203
1436;ultima_review_2019-07-01;0.0021281865675089034
1437;ultima_review_2019-07-02;0.000429277942061615
1438;ultima_review_2019-07-03;0.00017387881290423438
1439;ultima_review_2019-07-04;0.00012076582745320169
1440;ultima_review_2019-07-05;0.000236427861549776
1441;ultima_review_2019-07-06;6.185349140703612e-05
1442;ultima_review_2019-07-07;0.000530356758739796
1443;ultima_review_2019-07-08;2.7431854786374367e-06
